,,Task1,Task2,,,,,Task3,,,,,,,,
Text,Lang,Polarization,"Gender/
Sexual",Political,Religious,"Racial/
Ethnic",Other,Vilification,"Extreme
Language",Stereotype,Invalidation,"Lack of 
Empathy",Dehumanization,ID,,deinviduation
እንደምን አደራችሁ ቤዛ! የ እለቱን ቃል በ ፓስተር ፍቅሬ በላይ እነሆ! በፊታቸው ያለው ተግዳሮት ምንም ያህል ከባድ ቢሆንም ወደ ኋላ መመለስን ግን እንደ አማራጭ አልወሰዱትም!,am,FALSE,0,0,0,0,0,0,0,0,0,0,0,amharic_1324928256676687872,,
@USER ተሌግራምን እንደ አማራጭ መጠቀም መልካም ይመስለኛል::,am,FALSE,0,0,0,0,0,0,0,0,0,0,0,amharic_1326343162588139523,,
አንደኛው አመት የፕሪቶርያው ስምምነት ምክንያት በማድረግ ከህዝባዊ ወያነ ሓርነት ትግራይ (ህወሓት) የተሰጠ የአቋም መግለጫ,am,FALSE,0,0,0,0,0,0,0,0,0,0,0,amharic_1711,,
ግደል እንዳልልህ.ሃጢያት ነው አውቃለሁ አትግደል አልልህ.ጨካኝ ፍጡር ናቸው ፀሎቴ ጠፍቶብኝ.ቀና ብዬ እያየሁ የፍርድህን በትር . እጠባበቃለሁ!,am,FALSE,0,0,0,0,0,0,0,0,0,0,0,amharic_1326235496842981377,,
አለ ነገር አለ ነገር እንደው አለው ነገር እንዲህ ታመን ታመን አንገት ደፍተን አንቀር አይዞህ #አማራዬ #የኔየዋሁገበሬ #አማራ,am,FALSE,0,0,0,0,0,0,0,0,0,0,0,amharic_1325624579730108416,,
#ወያኔ ዋጃ ላይ የተከለችው አየር መቃወሚያ ምንም መሥራት አልቻለም ። የወያኔ ጦር ተስፋ እየቆረጠ ግማሹ ሲያፈገፍግ ግማሹ በላስታ ዙሮ አማራን ሊወር ድምቡል ድምቡል እያለ ነው ። መረጃው ወንድወሰን በየነ,am,FALSE,0,0,0,0,0,0,0,0,0,0,0,amharic_1325665339888242688,,
አመላቸዉ ሸጋ ልባቸዉ ተራራ እነ ምሬ መጡ ሊጨስ ነዉ አቧራ #ዝንትአለም_አማራ #ፋኖ,am,FALSE,0,0,0,0,0,0,0,0,0,0,0,amharic_1114,,
ኦነግ ሸኔ ግን 27 አመት የት ነበር? ድንገት አሁን ሸኔ ብሎ የመጣው? እውነታው ይህው,am,FALSE,0,0,0,0,0,0,0,0,0,0,0,amharic_1217,,
ኦሮሞና አማራ በመሆናችን ፍቅራችን የሚዘልቅ አይመስላቸውም ነበር ሙሉውን ተምሳሌት ዩቱብ ቻናል ላይ ተመልከቱ (በትብብር የቀረበ),am,FALSE,0,0,0,0,0,0,0,0,0,0,0,amharic_1992,,
"ፋኖ ከጎጥ ያለፈ፣ ከክልል የገዘፈ፣ ለሀገር የተረፈ፣ የፍትህ አምድ፣ የነጻነት ክንድ ነው!"" - ኘ/ር ምንዳርአለው ዘውዴ",am,FALSE,0,0,0,0,0,0,0,0,0,0,0,amharic_1669,,
@USER በማንኛውም ነገር ከጎንህ ነን ብርታ አብይ ካልደፈረሰ አይጠራም,am,FALSE,0,0,0,0,0,0,0,0,0,0,0,amharic_1325949603938672640,,
@USER ዘረ መግላም አማራ እመነኝ ከሳምንት በሃላ በጣም እርግጠኛ ነኝ ብዙ ዘሮችህ ይጠፋሉ,am,TRUE,0,0,0,1,0,1,1,1,0,0,0,amharic_1326266544373043200,,
@USER በአብይ ተልኮ ጎንደር ላይ ወጣቶችን ስታደራጅ ነበረ አይደል የኦሮሚያ ልዩ ሀይል ሂዶ ይዋጋ የአማራን ሕዝብ ተወት አደረጉት እና እራሳቹ ተፋለሙ እስኪ,am,TRUE,0,1,0,1,0,1,0,1,0,0,0,amharic_1323837521009217536,,
ጎጃም ላይ ተቀምጦ መተከል ያለውን ኣማራ ቀስት ከታጠቀ የጫካ ሽፍታ ማስጣል ያልቻለ የኣማራ ወታደር እኮ ነው ኣሁን የትግራይ ሰራዊት ኣሸንፋለሁ ብሎ የሚሸልለው። ኣማራ ልናድን ነው ይባልልኛል። #Ethiopia,am,TRUE,0,1,0,1,0,1,1,1,0,1,1,amharic_1324602001070661633,,
"አሸባሪውን የትህነግ ቡድን ከምድረ ገፅ ማጥፋት አለብን"" ብርጋዴር ጄኔራል ተፈራ ማሞ",am,TRUE,0,1,0,0,0,1,1,0,1,0,0,amharic_1147,,
@USER #ሰይጣንም_እኮ_ጮኾ ነው የሚወጣው ኤላ እነሱን ተዋቸው,am,TRUE,0,1,0,0,0,0,0,0,0,0,1,amharic_1324778533705625601,,
@USER ትህነግን ማጥፋት ከመቀደስ በላይ መባረክ ነው,am,TRUE,0,1,0,1,0,1,1,1,0,0,0,amharic_1323937430567854081,,
የወያኔ እብሪት እንደ ፊኛ ሳይተነፍስ እሳት ውስጥ እንደገባ ቅቤ ሳይቀልጥ ደብረፂዮንና ግብረአበሮቹ ከአፍ መሸፈኛ ማስካቸው ጋር እንደ አፋር ግመል በሰልፍ በገመድ ታስረው ለፍርድ ሳይቀርቡ መላቀቅ የለም። ??,am,TRUE,0,1,0,0,0,1,1,0,0,0,1,amharic_1323932366184828929,,
የመከላከያ እና የአማራ ልዩሃይል ትብብር የአማራ ህዝብ ኢትዮጵያዊ ግዴታ እንጅ የአማራ እና የትግራይ ህዝብ ጦርነት አደለም -,am,TRUE,0,1,0,1,0,0,0,1,1,0,0,amharic_1836,,
@USER አማራ ደጉ ወገኔ። ኢትዬጵያ ሲባል እኮ ምንም ቀልብ የለውም። መስሚያ ማዳመጫ የለውም። የነፍሱ ትርታ ኢትዬጵያ ናትና!!! ለኢትዬጵያ መቼ ወደኋላ ብሎ ያቃል።,am,TRUE,0,1,0,1,0,0,1,1,0,0,0,amharic_1326141892946485248,,
"
 عاجل | حسب صحيفة ليكيب الفرنسية: تم تأجيل كأس أفريقيا 2025، التي كان من المقرر أن تُقام في المغرب، إلى بداية العام 2026، وذلك بسبب تعارضها مع روزنامة كأس العالم للأندية.",ar,FALSE,0,0,0,0,0,0,0,0,0,0,0,arabic_4776,,
أسعار الفواتير ال  بعد الزيادة الجديدة ايه يال حبيب؟,ar,FALSE,0,0,0,0,0,0,0,0,0,0,0,arabic_4517,,
شجار بين لاعبي الشباب السعودي والزمالك المصري في مباراة كأس العرب للأندية الأبطال,ar,FALSE,0,0,0,0,0,0,0,0,0,0,0,arabic_4657,,
أرقام نيمار مع سانتوس خلال 3 أسابيع أفضل من 17 شهرا مع الهلال,ar,FALSE,0,0,0,0,0,0,0,0,0,0,0,arabic_3580,,
"""ديبسيك"".. زلزال عرضي أم تحول استراتيجي في أسهم الـ AI؟",ar,FALSE,0,0,0,0,0,0,0,0,0,0,0,arabic_3839,,
قانون الأمن الغذائي قطعت روحك علي وين صار بله ٢٥ ترليون سرقتوهن وجاي تحجيلي بلفقير ولمضلوم الالعنه الله عليكم اجمعين,ar,FALSE,0,1,0,0,0,1,1,0,0,1,0,arabic_645,,
محكمة التعقيب تؤيد حكم السجن والمراقبة الإدارية ضد راشد الغنوشي,ar,FALSE,0,0,0,0,0,0,0,0,0,0,0,arabic_4173,,
"#العشرية_السوداء صنعت الاستبداد بعد بزوغ نور الحرية و الديمقراطية. 
ازيد من مائتين الف قتيل تحتاج إلى رد الاعتبار .",ar,FALSE,0,0,0,0,0,0,0,0,0,0,0,arabic_573,,
فلول النظام يا عضو هربوا خارج سوريا . هناك قتل طائفي بالساحل بأمر من السلطة الحاكمة المؤقتة,ar,FALSE,0,0,0,0,0,0,0,0,0,0,0,arabic_2691,,
الدعتور مثله مثل اي حي سوري .. مفعم بالفقر و حافل بالتعتير و مجبول بالطيبة .. القبض على مطلوب لا يحتاج كل هذا العنف القديم الجديد,ar,FALSE,0,0,0,0,0,0,0,0,0,0,0,arabic_965,,
"الصحة العالمية تحذر من ""تزييف"" حقن تقليل الوزن",ar,FALSE,0,0,0,0,0,0,0,0,0,0,0,arabic_3771,,
ايه الاجالك من كول واحد يهزقك يابنت ستين كلب ملقتيش راجل يلمك,ar,TRUE,1,0,0,0,1,1,1,1,1,0,1,arabic_2022,,
ليس هناك حشد شعبي وإنما هو حقد شيعي على السنة .,ar,TRUE,0,0,1,0,0,0,1,1,1,0,0,arabic_92,,
إسمعوا يبتوع التجمع الثالث لازم تفهموا إن دى مش أخلاق عين شمس إحنا بلطجية بس مش لدرجةالعالم أكلة لحوم البشر دول,ar,TRUE,0,0,0,1,1,1,1,1,0,0,1,arabic_747,,
أمريكا قتلت بالامس معوق رفض رفع يديه فماذا تريد من الشرطة المصرية أن تفعل عندما تتعامل مع مسلحين معهم متفجرات,ar,TRUE,0,1,0,1,0,1,0,1,1,1,0,arabic_86,,
"هي زعلت لية مش فاهم 
ماهي وكل النسوان بيروحوا الجيم المختلط علشان يتم التحرش بيهم",ar,TRUE,1,0,0,0,0,1,1,1,1,1,0,arabic_877,,
مين سائل عنن وين ماكانو يكونو بجهنم تاخدن هم والنصيرية ديدن واحد... منافقين مرتدين يكرهون المسلمين,ar,TRUE,0,0,1,1,0,1,1,1,1,1,0,arabic_1091,,
شعب جاهل ومتخلف يحب الخير لأمه وأخته دين ذكوري وإحتقار المرأة تسعى وتشتغل مثلها الرجل,ar,TRUE,1,0,1,1,1,1,1,1,1,1,0,arabic_2079,,
الخليجيين يظنوا بانهم افضل من الاخرين بسبب فلوسهم بس لازم يعرفوا بان النخوه و العرووووبه فوق المال و الفلوس بالحذاااااء,ar,TRUE,0,0,0,1,0,1,1,1,1,0,0,arabic_1555,,
لعنه الله عليك أو على احمد الشرع,ar,TRUE,0,1,0,1,1,1,1,0,0,0,0,arabic_2612,,
لعنه الشعب التونسي الساكت والخانس لعنكم,ar,TRUE,0,1,0,1,0,1,1,0,1,0,0,arabic_2050,,
অসৎ লোকেরা ভাসতে ভাসতে একটা সময় ডুবে যায় আর সৎ লোকেরা ডুবতে ডুবতে একটা সময় ভেসে ওঠেএখন সিদ্ধান্ত আপনার সৎ হবেন নাকি অসৎ হবেন,bd,FALSE,0,0,0,0,0,0,0,0,0,0,0,230189,,
যে ক্যাপ্টেন আগে বাংলাদেশ ক্রিকেটের প্রাণ ছিলেন এখন উনি সারা দেশের একজন প্রাণের মানুষ হিসেবে নিজেকে তৈরী করছেন কোটি মানুষের ভালবাসার মানুষ এই মাশরাফী বিন মর্তুজা এভাবেই এগিয়ে যান বাংলার মানুষকে ভালোবেসে,bd,FALSE,0,0,0,0,0,0,0,0,0,0,0,58029,,
তাউহিদ কাকে বলে আল্লাহ তাআলা এক ও দিতিয় তাহার কোন শরিক নাই তাই তিনি অতলোনিওএই শিক্রির পাশাপাশী জিবনের সকল কর্মকান্ডে এক মাত্র তাহারি অনুগত্য করার নাম বাস্তোব তাওহিদ তাওহিদ ইসলামে মুল বিত্তইসলামের সকল কর্মকান্ডো তাওহিদের উপর প্রতিষ্টিততাওহিদের মধ্যমে মানুষ ইমানের উচ্ছ আশনে আসিন হতে সক্ষম,bd,FALSE,0,0,0,0,0,0,0,0,0,0,0,10572,,
আমাদের চাঁদপুর জেলা হাজিগঞ্জ উপজেলা ৬ নং পূর্ব ইউনিয়ন স্বাস্থ্য সেবা হাসপাতালে দীর্ঘদিন স্বাস্থ্যসেবা বন্ধ থাকার পর পরবর্তীতে সরকারিভাবে একজন প্যারামেটিক ডাক্তার আসার পর অনেক ভালো সেবা হয়েছিল এমনকি অনেক নরমাল ডেলিভারিও হয়েছিল কিন্তু দুঃখের বিষয় এলাকার কিছু হাতুড়ি ডাক্তারের কারণে এই সেবা থেকে এলাকার মানুষ বঞ্চিত হইল বর্তমানে হাসপাতালটি বন্ধ অবস্থায় আছে বিষয়টি মাননীয় স্বাস্থ্যমন্ত্রী মহোদয়ের দৃষ্টিতে আনার জন্য অনুরোধ করা হইল,bd,FALSE,0,0,0,0,0,0,0,0,0,0,0,241553,,
আমরা যে কমেন্ট করি এই কমেন্টের মূল্য আছে কিনা আমার জানা নেই তাই আর কোন কমেন্ট করি না,bd,FALSE,0,0,0,0,0,0,0,0,0,0,0,75775,,
কাদের কাকু আপনি মাদেরকে এতো এতো খুশির খবর দিচ্ছেন কিন্তু একটা বিষয় বুঝলাম না এতো খুশির সংবাদের মধ্যেও আপনি এবং আপনার ডানে বামে যারা আছে তাদের কারো মুখেই হাসি নেই নেই কোনো খুশির প্রতিচ্ছবি কাকু কারন টা একটু খোলাসা করলে আমরা মুখখ সুখখ মানুষ বুজবার পারতাম,bd,FALSE,0,0,0,0,0,0,0,0,0,0,0,71804,,
সালে ভোটার আইডি কার্ড পেলাম এখন পর্যন্ত একটা চেয়ারম্যান মেম্বার এর ভোট ও দিতে পারি নাই আমি কি বাংলাদেশের সাধারণ নাগরিক,bd,FALSE,0,0,0,0,0,0,0,0,0,0,0,68570,,
আমি ব্যক্তিগত ভাবে তাদের পরিবার টা কে পছন্দ করি না শেখ তন্ময় এর অসাধারণ প্রতি তার আলাদা একটা মায়া আছে সে,bd,FALSE,0,0,0,0,0,0,0,0,0,0,0,60574,,
আপনার ধর্ম আপনার কর্ম আপনার বর্তমান কর্ম নির্ধারণ করবে আপনার আখিরাত কেমন হবে আপনি কি অর্জন করলেন কি অর্জন করবেন সেটা আপনার একান্ত ব্যক্তিগত বিষয়ে আপনার বিশ্বাস আপনার ব্যক্তিগত বিষয়,bd,FALSE,0,0,0,0,0,0,0,0,0,0,0,241454,,
সুমন ভাই জানিনা মন্তব্য আপনার চোখে পরে কিনাআমি চট্টগ্রাম থেকে বলছি আপনার ওপরে ভিত্তি কর মানুষের অনেক আশাপ্রতিটা ঘরে একটা করে সুমন হউক অনেক অনেক শুভকামনা,bd,FALSE,0,0,0,0,0,0,0,0,0,0,0,57462,,
আমার বুঝে আসে না যারা রাসুলুল্লাহ সল্লাল্লাহু আলাইহি ওয়াসাল্লামকে ফিরানসে কার্টুন করার প্রতিবাদে রাজ পথের মানববন্ধন মিছিল করাকে না জায়েজ বলতঅথচ আজ তারই দেখি মানববন্ধন করে এখন কিভাবে জায়েজ হবে আমি নিজে তখন জামাতে ছিলাম প্রতিবাদ মিছিলে আামাকে যেতে দেওয়া হয় নিওটা নাকি না জায়েজ মুনাফেকি,bd,TRUE,0,0,1,0,0,0,1,0,1,0,0,9802,,
বাংলাদেশে কি ভালো শিক্ষামন্ত্রী পাবো না যে একটু হলেও মুসলমানকে ভালোবাসবে তার বক্তব্য যদি হয় নূরানী এবং কওমি মাদ্রাসার কারণে শিক্ষার্থী কমে যাচ্ছে সেগুলোকে নিয়ন্ত্রণ করতে হবে তাহলে এখানে নিয়ন্ত্রণ বলতে কি উদ্দেশ্য বুঝানো হয়েছে অবশ্যই নূরানী এবং কওমি মাদ্রাসার ছাত্রছাত্রীদের বাধাগ্রস্ত করা হবে কোন কৌশলে বুঝানো হয়েছে এটাও এক ধরনের ষড়যন্ত্রমূল বক্তব্য বলে ধারণা করা যায়,bd,TRUE,0,0,1,0,0,1,0,0,1,0,0,241470,,
মূল কথা কেউ বলে না সবাই ভয় পায় ইসরায়েল কেন ফিলিস্তিন দখল করতে চায় এটা সব মুসলমান জানে তবে মিডিয়া সেই কারণ কখনো বলবে না,bd,TRUE,0,0,1,0,0,0,0,1,1,0,0,242932,,
প্রথমতমিডিয়ার এই হস্তক্ষেপ ভাল দেখছিনা ইজতেমায়এটা দূর থেকে দেখে বলার জিনিস নাদ্বীনের হাওয়াহেদায়েতের বাতাসকিভাবে সাধারনের মাঝে পৌছে যায় তার জন্য একটা মেহনতএত মানুষ যখন একত্র হয় আল্লাহর দ্বীনকে জিন্দা করার নিয়তে তখন অবশ্যই আল্লাহ রহমতের ছায়া দেনকিন্তু দূর থেকে দেখে জিকির আজগার মনে হবেজিকিরই হচ্ছে তবে আল্লাহর আলোচনাও যে জিকির এটা আগে বুঝতে হবে শেষে এটা আবার বলবমিডিয়া এগুলা বেশি করে কি বোঝাতে চাইছে আমার সন্দেহ থেকেই যায়,bd,TRUE,0,0,1,0,0,0,0,0,1,1,0,10011,,
কাদের সাহেব আপনি কি করে চিন্তা করেন যে জনগণ আপনাদেরকে সমর্থন করবে আর আওয়ামি লিগ হাত গুটিয়ে বসে থাকবে,bd,TRUE,0,1,0,0,0,0,0,0,1,0,0,54996,,
যার ইমানই নাই সে আবার ফুল হয় কিভাবে বিশ্ব জংগীবাদীদের সৃষ্টি নবী সাঃ বিদ্বেষী সাহাবা রাঃ বিদ্বেষী তাকে যতই ফুল বানানোর চেষ্টা করা হবে দুগ্ধ ছড়াবে,bd,TRUE,0,0,1,0,0,1,1,1,0,0,1,9812,,
কস কি আমরা সাধারণ মানুষহলে ৷ তোরা কি অসাধারন মানুষ ৷ জয়ী হওয়ার আগেই আমাদের আলাদা করে দিলি,bd,TRUE,0,0,0,0,1,0,0,1,1,0,0,55876,,
এ নাস্তিক কোন ধর্মে বিশ্বাসী না যদি ধর্মে বিশ্বাসী হত পবিত্র কুরআনকে অবহেলা করে কথা বলার সাহস করত না কোরআনে ঘোষণা করা হয়েছে আল্লাহর জমিনে আল্লাহর দ্বীন প্রতিষ্ঠা প্রত্যেক ইমানদারের দায়িত্ব,bd,TRUE,0,0,1,0,0,1,0,1,1,0,0,189756,,
যার বলে ধর্ম যার যার উৎসব সবার তাদের এই কথা কোনো হিন্দু বলে সেকি গরুর গোস খাবে বা ঈদল ফিতর এবং ঈদুল আযহার নামাজ পড়বে আমাদের সাথে আর ধর্ম যার যার উৎসব সবার যদি কোনো মুসলিম বলে সেকি শুয়োরের গোস খাবে,bd,TRUE,0,0,1,0,0,0,0,1,1,0,0,544112,,
ওবায়দুল কাদের হচ্ছে বাংলাদেশের মানুষের বিনোদন পাগলে কিনা বলে আর ছাগলে কিনা খায় কাউয়া আসলেই কাউয়া রয়ে গেলো কে কে একমত,bd,TRUE,0,1,0,0,0,1,1,0,0,0,1,230368,,
কথা কিন্তু সত্য তুমি যা দেশের টাকার দুর্নীতি করে বিদেশ পাঠাইছে সেটা আমরা বছর কামাই করতে পারবো না,bd,TRUE,0,1,0,0,0,1,0,0,1,0,0,59509,,
এত বড় মিথ্যাচার আল্লাহ আপনাদের কখনও ক্ষমা করবে না একজন সৎ প্রফেসর এর কাছে থেকে জাতি এতবড় মিথ্যাচার জাতী আশা করে নাফখরুল সাহেব,bd,TRUE,0,1,0,0,0,1,1,0,1,0,0,188673,,
হিন্দু ধর্ম আসলেই কোন ধর্ম নয় তাদের প্রধান ধর্মগ্রন্থ রিসার্চ করলেই কোন হিন্দু আর হিন্দু থাকে না ভারতের ৬৫ কোটি হিন্দু যাকে ভগবানের মতোই মনে করতো সেই ডঃ শিবশক্তি ১৫২০ টা ভাষায় ডিগ্রী অর্জন করে শেষ পর্যন্ত মুসলমানদের ধর্মী ইসলাম ধর্ম গ্রহণ করেছেন আর একটা সত্যি কথা পৃথিবীর সকল ধর্ম গ্রন্থের মধ্যে একমাত্র আল কোরআন মুখস্থ আছে কোটি কোটি হাফেজের সকল ধর্ম গ্রন্থ নষ্ট হয়ে গেলেও আবারও আল কোরআন লেখা সম্ভব ইনশাআল্লাহ,bd,TRUE,0,0,1,0,0,1,1,0,1,0,0,544170,,
নতুন কারিকুলাম এর শিক্ষা ব্যবস্থা ভবিষ্যৎ জাতির নৈতিকতা ধ্বংসের প্রধান কারণ আসলে ক্ষমতা চিরকাল থাকে না প্রকৃতির কিছু নিয়ম থাকে একদিন না একদিন ঠিকই বুঝবেন এই শিক্ষা ব্যবস্থা মুসলিম কোন দেশের জন্য হতে পারে না এই শিক্ষা ব্যবস্থা মনুষত্ববোধ জাতি গঠন করতে পারবেনা,bd,TRUE,0,0,1,0,0,1,1,0,1,0,0,230159,,
মূল্য কত আল্লার মাল আল্লাহ নিলে মানুষ কেন মূল্য দেবে আর দেবার কি ই বা ক্ষমতা রাখে কথা একটু হুসে বল মালবেশী পেটে পরেছে নাকি,bd,TRUE,0,0,1,0,0,1,1,0,0,0,0,199090,,
কথা পরিষ্কার ফেসবুকের বাহবা কিংবা ট্রলের উপর ভিত্তি করে ইসলামি আন্দোলন রাজনীতি করে না তাঁরা তাঁদের লক্ষবস্তু ও নীতি আদর্শের উপর ভিত্তি করে পরিকল্পনা অনুযায়ী রাজনীতি করে,bd,TRUE,0,1,1,0,0,0,0,0,1,0,0,221510,,
আবূ বাক্রাহ্ রাঃ থেকে বর্ণিতঃ তা হল নবী সাল্লাল্লাহু আলাইহি ওয়া সাল্লামএর নিকট যখন এ খবর পৌছল যে পারস্যের লোকেরা কিস্রার মেয়েকে তাদের শাসক নিযুক্ত করেছে তখন তিনি বললেনঃ সে জাতি কখনো সফলকাম হবে না যারা তাদের শাসনভার কোন স্ত্রীলোকের হাতে অর্পণ করে ফুটনোটঃ ১৬০ মুসলমানরা যদি সফলতা পেতে চায় তবে তাদেরকে অবশ্যই নারী নেতৃত্ব পরিহার করতে হবে সহিহ বুখারী হাদিস নং ৭০৯৯ হাদিসের মান সহিহ হাদিস,bd,TRUE,1,0,0,0,0,0,0,1,1,0,0,713167,,
আসলেই কি রোজার উদ্দেশ্য এমন যে বেপর্দা খোলামেলা হয়ে পুরো পরিবার নিয়ে হৈহুল্লোড় করে রেস্টুরেন্টে গিয়ে সেহেরি খেয়ে কোন রকমের নামাজ কালামের তোয়াক্কা না করে শুধু উপোষ করা,bd,TRUE,0,0,1,0,0,0,0,1,1,1,0,721617,,
"Es gibt bereits vereinzelte Einsätze von Bodentruppen in Gaza.
 
 @URL",de,FALSE,0,0,0,0,0,0,0,0,0,0,0,german_reddit_f4e94376dce4ec7ce9e01fc22,,
Lass dich nicht aufhalten. Es gibt eine ukrainische Fremdenlegion. Da kannst du dich melden.,de,FALSE,0,0,0,0,1,1,0,0,0,0,0,german_reddit_731b0c7627da7d57ba6cb0184,,
Klingt für mich nach Long COVID,de,FALSE,0,0,0,0,0,0,0,0,0,0,0,german_reddit_9e2585216cdaa3247e6841526,,
Wenn ich schon wieder dieses Woke lese. Der AfD ist sogar unser Grundgesetz zu Woke. Hört auf das Wort so inflationär zu gebrauchen.,de,FALSE,0,0,0,0,1,0,1,0,0,0,0,german_reddit_42161087c6fadc90fb9d80f78,,
"Auch eine Schilddrüsenunterfunktion schwächt das Immunsystem. 
 TSH, fT3 und fT4 Wert testen lassen, falls sie noch andere Symptome einer Unterfunktion hat",de,FALSE,0,0,0,0,0,0,0,0,0,0,0,german_reddit_b4f93901bbef0d68e54d46cbe,,
CO2 ist gut für Pflanzen,de,FALSE,0,0,0,0,0,0,0,0,0,0,0,german_reddit_b5551a1252c2c4548ce2d603d,,
Wann war die letzte Anti-Islamismus-Demo?,de,FALSE,0,1,1,0,0,0,0,0,0,1,0,german_reddit_518e29671856be0f033e23950,,
wurde heute von der katze geweckt 🥰,de,FALSE,0,0,0,0,0,0,0,0,0,0,0,german_twitter_9436,,
Klopapier! Seit Corona gönn ich mir Luxus,de,FALSE,0,0,0,0,0,0,0,0,0,0,0,german_reddit_885ee428c7746c66612aabdd0,,
"Ja, muss schon wieder Zeit für 5G-Impfung sein",de,FALSE,0,0,0,0,1,1,0,0,0,0,0,german_reddit_2cc7a53627cda2f3c9cb97cab,,
Gibt sogar recht viele Ex-Muslime. Alles sehr vernünftige Leute.,de,TRUE,0,0,1,0,0,0,0,0,1,0,0,german_reddit_f7bd2b48a9faff76c0e9f39e2,,
"Das sind keine Extremisten sondern relativ normale Muslime. Extremisten ziehen in den Krieg und enthaupten ""Ungläubige"" (meistens andere Muslime). Normale haben Muslime nur eine strenge Sexualmoral sowie hier.",de,TRUE,0,1,1,0,0,1,0,1,1,0,1,german_reddit_d4563a4d08426ef4f4f89bc6d,,
"Nö, aber alle im Ausland lebenden nationalistischen Türken sind irgendwie nach Definition im Ausland lebende Türken und um die wird es vermutlich auch in Threads gehen wo sich einheimische Türken über ""Gurbetçi"" aufregen",de,TRUE,0,1,0,1,0,1,1,1,1,0,0,german_reddit_93071506b3d5a46dab8c51e9d,,
"Was laberst du?
 
 Aufgrund des extrem schnellen Bevölkerungswachstums in größtenteils muslimischen Ländern wird der Anteil der Muslime an der Weltbevölkerung bis 2050 um ca. 5 Prozentpunkte steigen, während der Anteil der Konfessionslosen an der Weltbevölkerung sinkt.
 
 @URL",de,TRUE,0,1,1,1,0,0,1,1,1,0,0,german_reddit_daf06314dbfcd637bef9fc5df,,
"Kriegstreiber! Auch ihr, die Propagandapresse!!!",de,TRUE,0,1,0,0,1,1,1,1,1,0,0,german_twitter_4201,,
Steuerzahler und Juden,de,TRUE,0,0,1,1,0,0,0,1,0,0,1,german_reddit_05e3f7ab97b65e0044aae2a2c,,
Ja die Türken leiden sehr stark unter ihrem links grün versifften Erdogan. Muss man wissen. :D,de,TRUE,0,1,0,1,1,1,1,1,0,1,0,german_reddit_12e32d043cfbc3c40fc19c313,,
Die Klima Armee Fraktion wird kommen.,de,TRUE,0,1,0,0,1,1,0,1,1,0,0,german_reddit_9e8c55dbe737eb5c47bf2ef3b,,
"Das klingt als wuerdest du hier ein Feminismus-Gotcha aus deiner Wahrnehmung ableiten wo objektiv keines ist. Ich hab noch nie jemandes ernsthaft behauten hoeren das speziell Frauen Kriegstreiber sind, eher das Gegenteil.",de,TRUE,1,1,0,0,0,0,1,1,0,0,0,german_reddit_62b75c52e940b99203939981d,,
"Denk ich nicht, nein. Migration ist deren Kernthema.",de,TRUE,0,1,0,0,0,0,0,1,0,0,0,german_reddit_e92d56d442d394701804be875,,
The EU is increasing military aid to Ukraine to one billion euros the press release on the website of the Council of Europe.,en,FALSE,0,0,0,0,0,0,0,0,0,0,0,english_2675,,
House drafts bill to strike Iran proxies amid IsraelHamas,en,FALSE,0,0,0,0,0,0,0,0,0,0,0,english_1394,,
Contested races across county early voting,en,FALSE,0,0,0,0,0,0,0,0,0,0,0,english_1093,,
Dem bill would hold West Bank settlers accountable for violence Doubt it,en,FALSE,0,0,0,0,0,0,0,0,0,0,0,english_141,,
Local woman gets a death threat after flying Trump MAGA,en,FALSE,0,0,0,0,0,0,0,0,0,0,0,english_1571,,
"Unmask ChildrenParents rights, energy, and border security.",en,FALSE,0,0,0,0,0,0,0,0,0,0,0,english_2795,,
All in the Family: Sheriff's Son Is New DPS Officer,en,FALSE,0,0,0,0,0,0,0,0,0,0,0,english_968,,
"The House passed another 40B military aid package to Ukraine, wheres the money coming from?????",en,FALSE,0,0,0,0,0,0,0,0,0,0,0,english_2679,,
Republicans weigh expelling Matt Gaetz after booting,en,FALSE,0,0,0,0,0,0,0,0,0,0,0,english_1773,,
Find yourself a west bank settler gf,en,TRUE,1,1,0,0,0,1,0,1,0,0,0,english_2228,,
Fascist oligarchs now control the USA,en,TRUE,0,1,0,0,0,1,1,0,0,0,0,english_188,,
Someone end this lunatic before he starts ethnic cleansing,en,TRUE,0,1,0,1,0,1,1,1,0,0,0,english_598,,
Hi apartheid state the one and only remaining 1.,en,TRUE,0,1,0,1,0,1,0,0,0,1,0,english_2280,,
"When I hear things like ""stooge for Russian aggression"" I know who the real stooge is",en,TRUE,0,1,0,0,1,1,0,1,1,1,0,english_2858,,
Its no coincidence that today because of these progressive policies we now have an open air drug market. Hmmmm,en,TRUE,0,1,0,0,0,1,0,0,1,0,0,english_2396,,
Go to democrats and sabotage democrats.,en,TRUE,0,1,0,0,0,0,1,0,0,0,0,english_2253,,
"Does that cover lies about a stolen election, Gym?",en,TRUE,0,1,0,0,0,0,0,0,1,1,0,english_2197,,
Apparently the Hamas attack was the weathers fault.,en,TRUE,0,1,0,1,0,1,0,0,1,0,1,english_2091,,
November 3rd was a stolen election,en,TRUE,0,1,0,0,0,0,1,0,1,0,0,english_2495,,
Defund the Castleton Police Department DefundThePolice,en,TRUE,0,1,0,0,0,0,1,0,0,0,0,english_2167,,
guerra? que guerra? es una invasion,es,FALSE,0,1,0,0,0,0,1,0,1,1,0,spanish_145,,
"fake, el personaje es de ascendencia judia",es,FALSE,0,0,0,0,0,0,0,0,0,0,0,spanish_129,,
guerra mundial? solo hay paises en guerra no es mundial.,es,FALSE,0,1,0,0,0,0,1,0,0,1,0,spanish_142,,
"cierto, porque tenian un presidente decente y el lobby judio era precisamente el perseguido.",es,FALSE,0,0,1,0,0,0,0,1,0,0,0,spanish_588,,
normal si tu es un musulman,es,FALSE,0,0,0,0,0,0,0,0,0,0,0,spanish_276,,
la escuela feminista de pintura,es,FALSE,0,0,0,0,0,0,0,0,0,0,0,spanish_929,,
la cancion que me representa ahora que estoy deportado de los estados unidos.,es,FALSE,0,0,0,0,0,0,0,0,0,0,0,spanish_920,,
"claudia es judia, que no manche",es,FALSE,0,0,1,0,0,1,0,0,0,0,0,spanish_53,,
"cualquier guerra es ridicula.
cualquier guerra mundial es mundialmente ridicula.",es,FALSE,0,1,0,0,0,0,0,1,0,0,0,spanish_61,,
alguien mas ha leido zorra con patatas?,es,FALSE,0,0,0,0,1,0,1,0,0,1,0,spanish_524,,
"aypordios que llorera. martinez ares, feminista del ano ya.",es,TRUE,1,1,0,0,0,1,0,0,0,1,0,spanish_556,,
"desde que me entere que ese termino ""toxico algo"" es una invencion evangelica ya no lo uso, cuidado que esconde discursos de odio",es,TRUE,0,1,1,0,0,1,0,1,0,0,0,spanish_666,,
cualquier vago se hace pastor evangelico,es,TRUE,0,0,1,0,1,1,0,1,0,0,0,spanish_622,,
la reina de la corrupcion!,es,TRUE,0,1,0,0,1,1,0,0,1,0,0,spanish_1745,,
a vos? trolita evangelica,es,TRUE,0,0,1,0,0,1,0,0,0,0,0,spanish_497,,
"argentino y judio, bastante castigo de dios tienes tu ya.",es,TRUE,0,1,1,1,0,1,0,1,0,0,0,spanish_544,,
tan enfermo estas . indio,es,TRUE,0,0,0,1,0,1,0,1,0,1,0,spanish_1932,,
judio zionista traidor de cristo sos el anticristo.,es,TRUE,0,1,1,1,0,1,1,1,0,0,0,spanish_177,,
orgulloso de sacarle la conchetumare a un pastor evangelico por meterse en weas que no debia.,es,TRUE,0,0,1,0,0,1,1,0,0,0,1,spanish_1138,,
la zorra al cuidado de las gallinas. pais de mierda.,es,TRUE,1,1,0,0,1,1,1,1,0,0,1,spanish_195,,
تو کنگره‌ی ۱۱۵، جلسه گذاشتن که بررسی کنن روسیه چجوری تو انتخابات دخالت کرده بود، جلوی کمیته اطلاعات سنا,fa,FALSE,0,1,0,0,0,0,0,0,0,0,0,,,
روایت پناهندگانی که توی بویزی خونه پیدا کردن ( از  نشریه),fa,FALSE,0,0,0,0,0,0,0,0,0,0,0,,,
فینسترا داره دربارهٔ اکثریت جدید جمهوری‌خواه‌ها تو مجلس حرف می‌زنه، همون گزارشِ مجله‌ی آیوا نورت‌وست.,fa,FALSE,0,0,0,0,0,0,0,0,0,0,0,,,
یه زن محلی وقتی پرچم ترامپ و MAGA رو زده بود، تهدید به مرگ شد.,fa,FALSE,0,0,0,0,0,0,0,0,0,0,0,,,
کسی هست که بتونه ترامپ رو تو آیووا شکست بده؟,fa,FALSE,0,0,0,0,0,0,0,0,0,0,0,,,
نه به ماسک برای بچه‌ها؛ آره به حقوق والدین، انرژی، و امنیت مرزها,fa,FALSE,0,0,0,0,0,0,0,0,0,0,0,,,
همه‌چی در خانواده می‌مونه: پسر کلانتر افسر جدید اداره امنیت شد,fa,FALSE,0,0,0,0,0,0,0,0,0,0,0,,,
مجلس یه بسته کمک نظامی ۴۰ میلیارد دلاری دیگه برای اوکراین تصویب کرد؛ پولش دقیقاً از کجا میاد؟؟؟,fa,FALSE,0,0,0,0,0,0,0,0,0,0,0,,,
بعد از اخراج اخیر، جمهوری‌خواهان در فکر اخراج مت گیتس هستند,fa,FALSE,0,0,0,0,0,0,0,0,0,0,0,,,
طبق برنامه، ناتو مسئولیت هماهنگی کمک‌های نظامی غرب به اوکراین رو از آمریکا تحویل گرفته — به گفته‌ی یک منبع، این اقدام برای محافظت از این روند حمایتی در برابر رئیس‌جمهور منتخب آمریکا، دونالد ترامپ، که به ناتو بدبین هست، انجام شده.,fa,FALSE,0,0,0,0,0,0,0,0,0,0,0,,,
پس فرستادن کمک نظامی به اوکراین را چه می‌نامید؟,fa,TRUE,0,1,0,0,0,0,0,0,0,1,0,,,
ظاهراً حملهٔ حماس تقصیر هوا بوده!,fa,TRUE,0,1,0,1,0,1,0,0,0,1,1,,,
یک سال میلادی دیگه، یک نسل‌کشی دیگه، پخش زنده برای سرگرمی شما!  فلسطین، اسرائیل، آمریکا، لبنان، کریسمس، سال نو...,fa,TRUE,0,1,1,1,0,0,1,0,1,0,0,,,
برو سراغ دموکرات‌ها و خرابشون کن!,fa,TRUE,0,1,0,0,0,1,0,1,1,0,0,,,
اون شامل دروغ‌هایی دربارهٔ تقلب در انتخابات هم می‌شن، جیم؟,fa,TRUE,0,1,0,0,0,1,1,0,0,0,0,,,
صهیونیسم قلب یهودیت است.,fa,TRUE,0,1,1,1,0,1,1,0,0,0,0,,,
انتخابات سوم نوامبر رو دزدیده بودن!,fa,TRUE,0,1,0,0,0,1,0,0,1,0,0,,,
فکر می‌کنی اینکه حماس از مردم به عنوان سپر انسانی استفاده می‌کنه، می‌تونه ربطی به این موضوع داشته باشه؟,fa,TRUE,0,1,0,1,0,1,1,1,1,1,1,,,
به همین دلیله که جمهوری‌خواها دارن سعی می‌کنن حق رأی زنان رو بگیرن!,fa,TRUE,1,1,0,0,0,1,0,0,1,0,0,,,
برو یه دوست‌دختر شهرك‌نشین توی کرانه باختری پیدا کن!,fa,TRUE,1,1,0,1,0,0,0,0,0,0,0,,,
#saynotoalmajiri: touching story of almajiri boy who aspires to become a #governor someday! ##url … @username,ha,FALSE,0,0,0,0,0,0,0,0,0,0,0,hausa_4761,,
#arewahetoo is abused. 👇👇👇 police arrest almajiri teacher over alleged sexual abuse of pupils. #almajirichild #abused #exploited #deprive #childrensday2019 @username ##url ##url,ha,FALSE,0,0,0,0,0,0,0,0,0,0,0,hausa_4592,,
ba mu harkar yahudawa 😂🤭 ##url,ha,FALSE,0,0,0,0,0,0,0,0,0,0,0,hausa_703,,
gidadawa a sunan wurin ko? ##url,ha,FALSE,0,0,0,0,0,0,0,0,0,0,0,hausa_4751,,
wata yar tiktok tace akwai qaracin tarbiyya a twitter.😅 wahala no de finish 😅😅😅💔,ha,FALSE,0,0,0,0,0,0,0,0,0,0,0,hausa_2240,,
@username nagode kaji wawiya,ha,FALSE,0,0,0,0,0,0,0,0,0,0,0,hausa_1599,,
@username na karya da maltina 🤣😂,ha,FALSE,0,0,0,0,0,0,0,0,0,0,0,hausa_2751,,
"We are at times or most of the times religiously stupid, that's just that... Duk wanda yake sin cutar damu sai ya zo da sunan addini. Haka muke tin fil-azal. Mi tatsine ya ce shi malami ne, a karshe ya halakar da yayan arewa. Muhammadu Yusuf ya halakarda dubbai da sunan addini.",ha,FALSE,0,0,0,0,0,0,0,0,0,0,0,hausa_173,,
@username mata marasa hankali sai tweeting suke yi,ha,FALSE,0,0,0,0,0,0,0,0,0,0,0,hausa_5158,,
@username shegiya yar arniyan buru uba jaka sarka daya wanka biyu dashi yar wahala otundo ##url,ha,FALSE,0,0,0,0,0,0,0,0,0,0,0,hausa_340,,
"so,almajiri cannot do his begging again ....issokay ...diarrisgodooo @username : mallam is dat u lookn Normal Hausa @username have to pay for this. jakunan banza yan wahala @username sunfiku kawo titles mah mtswwww Offensive Hausa @username this proves only one thing, that he met the govt. ni i heard his audio then, he was giving excuses that christian's dot interfere with their activities, but izala do, and that a vote for a christian means more peace, rather than dan izala. Normal Hausa true they'll even be calling you kabila ##url Normal Hausa ni wai dama gombe garin arna ne ko kudu ce? #justiceforbillirimuslims Normal Hausa @username go through my post and coming during pre presidential election. i warned my igbo brother not to make mistakes of aiding tinubu to presidency with the obedient movement, i told them tinubu guys in lagos and south west will show them shege . Normal Hausa @username see jamb scorer... ehen. i pass my jamb with flying colors 7years ago. go an read my bio... daqiqin jahili kawai. Offensive Hausa @username : gej = bh"" wanda ya bishi ma kafiri ne .. kuma ubansa ya daki hancin uwasssa",ha,TRUE,0,0,1,1,0,0,1,0,0,1,0,hausa_3796,,
"Kwankwaso yaba qaunar Zaman lpy da cigaban Kano, haka kace, to metasa yafi ku yawan magoya baya, ya qwace komai awajen ku, yabar ku kuna ta ihu kamar Karnuka.",ha,TRUE,0,1,0,0,0,0,0,0,0,0,1,hausa_1903,,
"In the history of Kano ba’a ta6a yan jagaliya bah irin yan Gandujiyya, munga me akai a inconclusive rai ba’a bakin komai yake ba akan biyan bukatunsu. “Koda tsiya koda tsiya tsiya” “Ranar zabe kada Allah ya kiyaye” wannan kadan daga maganganun da suka fito daga bakin shugaban jamiyyarku ne. Kun dawo da Aminu saboda ayi asarar rayuka da dukiya a garin nan, wannan mummunar manufar taku bazata faru ba bi iznilllahi",ha,TRUE,0,1,0,0,0,0,1,0,0,0,1,hausa_1897,,
"Wlh b wani gara a cikin su, da Iyamuri da Bayareben duk Yan iskan ne yanzu ba da hausawan Ake cutar mu ba",ha,TRUE,0,0,0,1,0,1,0,0,0,0,0,hausa_4100,,
"Wasa wasa fa Minister of Agriculture daqiqine, kamar ma Hayatee ce take gaya masa me ya kamata yayi 😂💀",ha,TRUE,0,1,0,0,0,0,1,1,0,0,0,hausa_4368,,
tun da akayi duniya ba asararre kamar talakan arne maisa cross din roba 😢😭 @username,ha,TRUE,0,0,1,0,0,0,1,0,0,0,0,hausa_1460,,
Mufa yan Kaduna wani irin kallo ake mana kamar mu ba cikakkun musulmai ba ne you hear comments like kyankyasan inji yan bariki yen yen yen toh idan an isa idan mutum shi keda wuta ko aljanna ya hana mu shiga aljannar ya maka mu wutan. I hate nonsense.,ha,TRUE,0,0,1,1,0,0,0,1,0,0,0,hausa_709,,
Shi kuma @ShehuSani ai so yake yayi wa tinubu aiki domin a cigaba da azabtar da yan Nigeria,ha,TRUE,0,1,0,0,0,0,1,0,0,0,1,hausa_4500,,
"Babu yadda xaai mutum ya bar hanyar Allah kuma ya ga yadda yake so dole ya rinƙa haduwa da yan tasha yan uwansa, kinbar gida kin zo wani gari Kin tare taya zaai kema Allah yai miki yadda kike so,",ha,TRUE,1,0,1,0,0,0,0,1,0,0,0,hausa_1278,,
Allah ya kyauta wai sarki da taka mota yana mika gaisuwa wannan san mulki naka ale Aminu dame yayi kama 🤣🤣 @Miniko_jnr @Asad_Mukty @INYAMURI @Tkr__khalifa Kings Wani Rashin Daraja a Gurin AMINU BLACK😅😅😅,ha,TRUE,0,1,0,0,0,0,0,1,0,0,0,hausa_4141,,
Anurag thakur परिवारवाद  ka hi result hai  🤣🤣🤣,hi,FALSE,0,1,0,1,0,0,0,1,0,0,0,,,
आप  देशद्रोही गद्दार दंगाइयों की पार्टी है,hi,TRUE,0,1,0,0,0,1,1,0,0,0,0,,,
जिस मजहब से जानवर भी प्यार की उम्मीद नहीं करता🙄\nपता नहीं कैसे हिंदू लड़किया उनसे प्यार की उम्मीद कर लेती हैं ,hi,TRUE,0,0,1,0,0,1,1,1,0,0,0,,,
"भारत का सामाजिक, राजनैतिक और आर्थिक बदलाव ब्राह्मणवाद के नाश के बिना संभव ही नहीं है....!!",hi,TRUE,0,1,0,1,0,0,0,1,0,0,0,,,
"आदरणीय मोहदय जी! भगवाकरण नहीं आप ब्राह्मणवाद को बढ़ावा दे रहे हो, जिसमें ओबीसी-एसटी-एससी का कोई स्थान नहीं है।",hi,TRUE,0,0,1,1,0,0,0,1,0,0,0,,,
"#टुकड़े_टुकड़े_गैंग देश चला रही है \nयही तो अच्छे दिन है #L_bhakto\nचाटो पीली पीली 😛😛😛😛"", ",hi,TRUE,0,0,1,0,0,1,1,0,0,0,0,,,
लव_जिहाद की घटनाएं लगातार हो रही है।,hi,TRUE,0,0,1,0,0,1,0,0,0,0,0,,,
अखिलेश की सरकार परिवारवाद की सरकार।,hi,TRUE,0,1,0,0,0,0,0,1,0,0,0,,,
"जातिवाद + तुष्टिकरण + माफियाराज + गुंडाराज + परिवारवाद + हिन्दुविरोध = सपा""",hi,TRUE,0,1,0,1,0,0,0,1,0,0,0,,,
लोकतंत्र को सबसे बड़ा खतरा परिवारवाद से है,hi,TRUE,0,0,0,1,0,0,0,1,0,0,0,,,
"सूरज निकलेगा, कमल खिलेगा।\n\nराष्ट्रवाद जीतेगा, परिवारवाद हारेगा।",hi,TRUE,0,0,0,1,0,1,0,1,0,0,0,,,
SP परिवारवाद चलता है इसलिए भष्ट्राचार मे डूबा है ।,hi,TRUE,0,1,0,0,0,0,0,1,0,0,0,,,
"कल\n\nवोट करेंगे राष्ट्रवाद को और \nचोट करेंगे परिवारवाद को 🚩🚩""",hi,TRUE,0,0,0,1,0,1,0,1,0,0,0,,,
परिवारवाद मिटाना है तो एक बार फिर मोदी जी को लाना है,hi,TRUE,0,1,0,0,0,0,0,1,0,0,0,,,
"भ्रष्टाचार और परिवारवाद को जड़ से उखाड़ फेंकना है\nजागो सनातनियों जागो\n#जय_हिंद🙏🙏🇮🇳""",hi,TRUE,0,0,1,1,0,0,1,1,0,0,0,,,
Bcci का चेयरमैन अमित शाह हैं ये परिवारवाद नहीं है क्या। अन्ध भक्त,hi,TRUE,0,1,0,0,0,0,0,1,0,0,0,,,
"पश्चिम यूपी की जनता कल एक बार फिर परिवारवाद को नकार कर राष्ट्रवाद पर मोहर लगाने वाली है।\n#UpYoGi_संकल्प"", ",hi,TRUE,0,1,0,0,0,0,0,1,0,0,0,,,
"कांग्रेस देश विरोधी देशद्रोही है""",hi,TRUE,0,1,0,0,0,1,0,1,0,0,0,,,
"Mulla है देशद्रोही तो होगा ही।"",",hi,TRUE,0,0,1,0,0,1,1,1,0,0,0,,,
" क्यो रे देशद्रोही दलाल, आंदोलन जीवी कीड़े",hi,TRUE,0,0,0,1,0,1,0,1,0,0,0,,,
"meno male che li avete rispediti in libia @DaniloToninelli @luigidimaio (l’altro manco lo considero). possiamo mica accollarci pure gli aborti delle africane, vero.
 ah già, ma voi siete quelli buoni che hanno eletto @Roberto_Fico alla camera.
 karma is a bitch.
 #migranti #SeaWatch",it,FALSE,,,,,,,,,,,,_1089084459155107840,,
"Non si è mai visto a memoria d’uomo un popolo migrare verso uno Stato in #recessione.
 I #migranti non vengono qua per 
 🔹Lavorare
 🔹Avere un futuro 
 Ma per sostituirsi agli autoctoni cacciandoli via.
 Scopo❓
 LA DIASPORA DEGLI ITALIANI 
 (Popolo più uniti di quanto crediate)",it,FALSE,,,,,,,,,,,,_1066600791597817857,,
"Cedric Herrou, una multa che è una vittoria per il contadino-passeur che aiuta i migranti a frontiera Italia-Francia https://t.co/tpmlPmLT1J",it,FALSE,,,,,,,,,,,,_830371375659511808,,
"@LNnerviano mussulmani di PD a palazzo Chigi, tagliagolla in Libia, libici in Italia, Italia senza italiani. Pinotti/Gentiloni dimettetevi.",it,FALSE,,,,,,,,,,,,_567377582166126593,,
Solo i terroni. Per i rom c'e` il lager a via del Riposo https://t.co/S5QFeNge06,it,FALSE,,,,,,,,,,,,_855801917699706880,,
"milioni di turchi in Germania,Olanda,Austria etc hanno votato a favore dell'islamizzazione appartengono alla terza-quarta generazione",it,FALSE,,,,,,,,,,,,_854058219320332289,,
"Ecco Guy Verhofstadt (ALDE), nuovo alleato del @Mov5Stelle: è a favore di #Euro, #migranti e #austerità, ed amico d… https://t.co/UdTJO0BO4t",it,FALSE,,,,,,,,,,,,_818450080760025088,,
basata immigrati in Italia basta,it,FALSE,,,,,,,,,,,,_854034930304774144,,
"Quelli che davanti alle stragi terroristiche ""condanniamo la violenza in ogni sua forma"" A posto. #jesuisCharlie https://t.co/nybASs9Hda",it,FALSE,,,,,,,,,,,,_823645706850340864,,
"#daleggere @monzfreelance su Roma, nomadi e integrazione https://t.co/akFOWPKkOM",it,FALSE,,,,,,,,,,,,_836965751751860225,,
Gli stranieri prima sfornano figli a manetta poi cercano sussidi... Per gli italiani nessuno fa niente anzi se sei in difficoltà economica ti tolgono pure i figli...,it,TRUE,,,,1,,,,,,,,_1052163314770436097,,
Ve lo dico adesso. Meglio morta che califfata. #islam #musulmani https://t.co/hcbpOCM83g,it,TRUE,,,1,,,,,,,,,_825094933698768897,,
"#dallavostraparte Tutti gli #immigrati, 90% #clandestini, hanno diritto in #Italia tranne noi #italiani mi spiegate dov'è l'errore???",it,TRUE,,,,1,,,,,,,,_816368276951416834,,
"Se qualcuno di voi mi dimostra che negri, rom, islamici e clandestini sono davvero risorse, GIURO CHE BACIO IL CULO ALLA KYENGE!!!",it,TRUE,,,1,,,,,,,,,_802834199187193856,,
"Per i #sinistrati tutto è cultura.La merda #africana, la #MafiaNigeriana e relativi #Stupri, #Spaccio, #Prostituzione,l'#islam con i suoi precetti, #SposeBambine, #Infibulazioni, #DonneVelate...Tutto ciò che è diverso dalla nostra civiltà avanzata, per loro è #Cultura. https://t.co/qAe7gHcbLp",it,TRUE,,,1,,,,,,,,,_1074306990988517381,,
"Niente di più vergognoso!! sfamare e pagare parassiti,sporchi,luridi.ladri,spacciatori,assassini,stupratori,terroristi afri-cani e lasciare e digiuno chi per una vita intera si e fatto in 4 per sfamare questo paese.VERGOGNA!!! https://t.co/JhUIew3R7E",it,TRUE,,,1,,,,,,,,,_1051458621425557504,,
#agorarai il PD ha fatto entrere una invasione di immigrati che si saperva bene che è quasi impossibile rimpatriare perchè i paesi di origine non li vogliono perchè sanno che sono tutti criminali e dicono teneteveli https://t.co/VV0GvByEih,it,TRUE,,,,1,,,,,,,,_1055533109922447366,,
"@ellyesse Tanto a te che ti frega...In Svizzera,fuori dalla UE,i migranti clandestini non arrivano.Non devi vivere con un C.I.E. vicino casa,con all'interno 70 risorse,non devi subire il furto di 3 biciclette,e 2 furti in casa.Comodo farsi bella,con il culo degli altri.IPOCRITA...",it,TRUE,,,,1,,,,,,,,_1051121169536090112,,
"@PatriziaRametta Altro che #giletgialli dovremo indossare 😠 nessuno fa notare alla signora che i terroristi sono tutti legalizzati, integrati con sussidi, casa, pensioni, e gli illegali, spacciatori e stupratori ? Ue di pace che ha portato la guerra fra popoli !! Infami 😠",it,TRUE,,,1,,,,,,,,,_1072767165839880192,,
"@1Natsu01 Sei semplicemente stupido e obnubilato dalla tua ideologia pro immigrati che difende anche gli immigrati stupratori, in quanto sempre vittime, anche se stupratori, stuprano molto di più, una donna italiana se aggredito è molto probabile sia un immigrato e ciò è assurdo",it,TRUE,,,,1,,,,,,,,_1077278804496842753,,
မဘသအရိုးကိုက် တွေ အမျိုး ဘာသာ သာသနာ ဘာညာ တွေ အပေါက် တွေ ပိတ် လို့,my,TRUE,0,1,1,0,0,0,0,1,0,0,1,,,
နီပိန်း တွေ အမျိုး ဖျက် နေ ပြီ 🙄 🙄,my,TRUE,0,1,0,0,0,1,0,1,0,0,0,,,
အင်တာဗျူး တာ တွေ က လည်း အဲ့လို စောက်တလွဲ မအေဘေး များ ကို မှ ဗျူး ရ လား ဟ,my,TRUE,0,0,0,0,1,0,1,0,0,0,1,,,
ဟီရိသြတ္တပ္ပ တရား ကင်းမဲ့ တဲ့ လုပ်ရပ် ပါ မြန်မြန် ဖမ်း ပြီး အရေးယူ ပေး ပါ အရှက်အကြောက် မ ရှိ လိုက် တာ ရွံ စရာ အရမ်း ကောင်း ပါ တယ် 😣☹️🙁😡,my,TRUE,0,0,0,0,1,1,1,0,0,0,0,,,
နင် တို့ music လောက က လည်း ဖာတန်း ကြီး ကို ဖြစ် လို့ 🤣,my,TRUE,0,0,0,0,1,0,1,1,0,0,1,,,
လောင်းကစား အေးဂျင့် ဆို တော့ ဘောမ|po ဆို တာ သိ လိုက် ပါ ပြီ 🤣 🤣,my,TRUE,0,0,0,0,1,1,1,1,0,0,0,,,
နည်း တောင် နည်း နေ သေး တယ် အဲဒီ ခွေး တစ် ကောင် သေ ပေမဲ့ အဲဒီ ခွေး ကြောင့် ငါ တို့ ပြည်သူ ဘယ်နှ ယောက် တောင် များ ဒုက္ခရောက် ခဲ့ လဲ သိ လို့ လား,my,TRUE,0,1,0,0,0,1,0,1,0,1,1,,,
သူ့ ဘာ သူ အိမ် ထဲ က နေ ရင်း ၊ ဘာ တော်လှန် ရေး မှ တောင် မ ပါ တဲ့ သူ တွေ နင့် ပထွေး တွေ ပစ် လိုက် လို့ အသက် ဆုံးရှုံး သွား တဲ့ ကလေး တွေ တုန်း က ရော ရုပ်ပေါက် တယ် လို့ မ ခံစား ခဲ့ ရ ဘူး လား 🙂,my,TRUE,0,1,0,0,0,1,1,1,0,1,1,,,
အထက် ဖား အောက် ဖိ လုပ် တတ် ရင် ကျွေး တာ စား ခိုင်း တာ လုပ် ခံ မ ပြော နဲ့ ဆို တဲ့ တိရိစ္ဆာန်မူဝါဒ|po ကို စွဲကိုင် ထား တတ် ရင် ဆရာကြီး လုပ် လို့ ရ တဲ့ စနစ်,my,TRUE,0,1,0,0,0,0,1,1,0,0,1,,,
အမေရိကား ရောက် ဆယ်လီ များ ဝိုင်းဝန်း ချေး ချွတ် ဆုံး မ လိုက် ရင် တော့ ကျပ်ပြည့် သွား နိုင် ကောင်း ရဲ့ 😜,my,TRUE,0,0,0,0,1,0,0,1,0,0,1,,,
नगरपालिकाले नयाँ विद्यालय निर्माण गर्‍यो।,ne,FALSE,,,,,,,,,,,,,,
युवा पुस्ताले समाज सुधार्ने ऊर्जा ल्याउँछ।,ne,FALSE,,,,,,,,,,,,,,
सरकारको नयाँ योजना शिक्षा सुधारको लागि हो।,ne,FALSE,,,,,,,,,,,,,,
अपांग व्यक्तिहरूलाई सार्वजनिक ठाउँमा सहजीकरण गरिनुपर्छ।,ne,FALSE,,,,,,,,,,,,,,
विद्यालयमा आज वृक्षरोपण कार्यक्रम भयो।,ne,FALSE,,,,,,,,,,,,,,
देशको विकासमा सबै नागरिकको भूमिका हुन्छ।,ne,FALSE,,,,,,,,,,,,,,
युवाले रोजगारीको अवसर खोज्न विदेश जानु परिरहेको छ।,ne,FALSE,,,,,,,,,,,,,,
यो वर्षको बाढीले हजारौँ किसान प्रभावित भए।,ne,FALSE,,,,,,,,,,,,,,
सवारी साधनको चापका कारण बिहानको यात्रा कष्टकर हुन्छ।,ne,FALSE,,,,,,,,,,,,,,
कृषिमा आधुनिकीकरण जरुरी भइसकेको छ।,ne,FALSE,,,,,,,,,,,,,,
यी काँग्रेसका नेताहरू देश बेच्नेहरू हुन्।,ne,TRUE,,1,,,,,1,1,,,,,,
ब्राह्मणहरू सधैं बढी सुविधा माग्छन्।,ne,TRUE,,,,,1,,,1,,,,,,
इसाईहरू हाम्रो संस्कृति परिवर्तन गर्न चाहन्छन्।,ne,TRUE,,,1,,,1,,1,,,,,,
"महिलाहरू मात्र घरमुनि बस्छन्, उनीहरू नेतृत्वका लागि योग्य छैनन्।",ne,TRUE,1,,,,,,,1,1,,,,,
समलिंगीहरू विकृत व्यवहार फैलाउँछन्।,ne,TRUE,1,,,,,1,1,1,,,,,,
बुद्धिजीवीहरू व्यवहारिक काम गर्न सक्दैनन्।,ne,TRUE,,,,,1,,,1,,,,,,
चीनीहरूले सस्तो सामान गुणस्तरहीन बनाउँछन्।,ne,TRUE,,,,1,,,,1,,,,,,
वृद्धहरू टेक्नोलोजी बुझ्न सक्दैनन्।,ne,TRUE,,,,,1,,,1,,,,,,
धर्मको नाममा घृणा फैलाउने काम बन्द हुनुपर्छ।,ne,TRUE,,,1,,,1,,,,,,,,
अल्पसंख्यक समुदायमाथि घृणात्मक टिप्पणी बढ्दै छन्।,ne,TRUE,,,,1,,1,,1,,,,,,
"Мигранты, которым повезло оказаться в Италии, с восторгом перенимают местную культуру, обычаи и по достоинству оценили знаменитую итальянскую кухню.",ru,FALSE,,,,,,,,,,,,twitter_ru_2,,
"Жители закрытого Фокино бьют тревогу. Стратегически важный город на берегу Японского моря с секретной базой ВМФ заполонили мигранты из Средней Азии. Город семей офицеров в который попасть без пропуска было невозможно, теперь кишит иностранцами, ходят толпами, по-русски не говорят",ru,FALSE,,,,,,,,,,,,twitter_ru_3,,
Мигранты бросили коктейль Молотова в пограничников на польско-белорусской границе. Это почему-то не убедило солдат пропустить их на территорию страны,ru,FALSE,,,,,,,,,,,,twitter_ru_5,,
Как же любил эту передачу. Как её там? Охуевшие чурки.,ru,FALSE,,,,,,,,,,,,twitter_ru_6,,
"Открыл домовой чат, а там ватники всерьёз рассчитывают, что путин не допустит повышения тарифов ЖКХ. Закрыл домовой чат. Доброе утро!",ru,FALSE,,,,,,,,,,,,twitter_ru_9,,
"Основная книга Карла Маркса - ""Капитал"". И после этого коммунисты кричат - ""мы против капиталистов""?",ru,FALSE,,,,,,,,,,,,twitter_ru_12,,
"Феминистки будут вообще в шоке узнав, что и на маркетплейсах за фотографии где между ягодиц вставляют неожиданный товар — отвечали женщины.",ru,FALSE,,,,,,,,,,,,twitter_ru_16,,
"Красота Женщины должна быть видна в её глазах... Это дверь в её сердце, в то место, где живёт её любовь... Иногда, посмотрев в глаза человека.... СЛОВА уже не имеют значения....",ru,FALSE,,,,,,,,,,,,twitter_ru_17,,
"Давид и Голиаф… Все знают историю о том, как молодой Давид, будущий царь Иудеи и Израиля побеждает огромного филистимлянского воина Голиафа, потомка великанов-рефаимов. Старый Иран, в 75 раз превышающий Израиль по площади и в 10 раз по населению, не устоял перед молодым воином.",ru,FALSE,,,,,,,,,,,,twitter_ru_21,,
Минтранс и минфин согласовали вложение полумиллиарда шекелей в дороги Иудеи и Самарии,ru,FALSE,,,,,,,,,,,,twitter_ru_22,,
"чурки избили чурку за то, что он приехал в шортах в Северную Осетию...
У меня вопрос,- если я не хочу жить с этими дикарями, навечно застрявшими в средневековье, в одной стране, я нацист, я плохой ?
А они хорошие и мои сограждане, так что ли? А оно мне надо?!",ru,TRUE,0,0,0,1,0,,,,,,,twitter_ru_1,,
"коммунизм хуже нацизма, все коммунисты хуже гитлера, а вы, тупые левые, ниче не понимаете просто",ru,TRUE,0,1,0,0,0,,,,,,,twitter_ru_14,,
Когда феминистки говорят что мужчины наши враги они имеют в виду что мужчины сделали дохуя в борьбе против женщин как класса потому что мы уже давно их врагини которых они уничтожают каждый день и каждый час и ПРИ ЭТОМ мужчины до сих пор не враги для многих из нас (к сожалению),ru,TRUE,1,0,0,0,0,,,,,,,twitter_ru_15,,
"Я считаю, что место женщины на куни",ru,TRUE,1,0,0,0,0,,,,,,,twitter_ru_18,,
"Мужчина, если к 35 годам ничего не добился — ничего страшного. Можно записаться в качалку, выучить JavaScript, выбиться в люди и завести семью. Если женщина просрала свою жизнь к 35, то радикально что-то поменять почти невозможно. Наверное, поэтому иудеи в своих молитвах говорят: ""Благословен Господь за то, что не создал меня женщиной.""",ru,TRUE,1,0,1,0,0,,,,,,,twitter_ru_19,,
"Знаете почему израильтяне такие кровожадные? Потому что они иудеи. Их Господь не учил прощать. А только око за око и зуб за зуб. А они хорошие ученики и кратно исполняют волю своего Господа. А христиане православные они другие. Мы вон хххлов караем, и при этом жалеем как дурных.",ru,TRUE,0,0,1,1,0,,,,,,,twitter_ru_20,,
"т.е. есть избыток электроэнергии в 21%, но цены для населения , капиталюги не снижают, а только повышают. где же та рука рынка или как ещё говорят общественный договор, который должен снизить цены при избытке? При социализме такой херни не было а в будущем, так подавно",ru,TRUE,0,1,0,0,1,,,,,,,twitter_ru_24,,
"Как же меня достали ноющие айтишники, мол у них 6 часов подряд мозг непрерывно работает.

Давайте откроем айтишникам секрет, что ВСЕ, БЛЯТЬ, НА РАБОТЕ ДУМАЮТ???

Водители автобуса непрерывно думают и следят за концентрацией, врачи думают, химики думают, дизайнеры думают! ВСЕ!",ru,TRUE,0,0,0,0,1,,,,,,,twitter_ru_25,,
"Звучит жестоко, но будущее за нейронками: человек — капризное создание, которое выёживается, а нейронка будет работать без устали и не требует еды.",ru,TRUE,0,0,0,0,1,,,,,,,twitter_ru_26,,
"В России нужно пресекать незаконное использование нейроинтерфейсов и технологий нейроинформатики. Они используются для тайной слежки, визуализации памяти, перехвата воли людей. К сожалению, #ФСБ недостаточно борется с этими преступными проявлениями",ru,TRUE,0,1,0,0,1,,,,,,,twitter_ru_28,,
ప్రభుత్వం నిన్న కొత్త విద్యా సంస్కరణ బిల్లును ఆమోదించింది.,te,FALSE,0,0,0,0,0,0,0,0,0,0,0,tel_1,,
ఆగస్టు 9న రాఖీ పండుగ,te,FALSE,0,0,0,0,0,0,0,0,0,0,0,tel_2,,
హైదరాబాద్‌లో కొత్త మ్యూజియం ప్రారంభమైంది,te,FALSE,0,0,0,0,0,0,0,0,0,0,0,tel_3,,
భారతదేశంలో చాలా మంది హిందూ మతాన్ని అనుసరిస్తారు,te,FALSE,0,0,0,0,0,0,0,0,0,0,0,tel_4,,
ప్రపంచ ఆరోగ్య సంస్థ కొత్త గ్లోబల్ హెల్త్ సర్వైలెన్స్ నెట్‌వర్క్‌ను ప్రారంభించింది.,te,FALSE,0,0,0,0,0,0,0,0,0,0,0,tel_5,,
మా స్కూల్‌లో కొత్త లైబ్రరీ ప్రారంభమైంది,te,FALSE,0,0,0,0,0,0,0,0,0,0,0,tel_6,,
క్రికెట్ జట్టు రేపు ఆస్ట్రేలియాతో మ్యాచ్ ఆడుతుంది.,te,FALSE,0,0,0,0,0,0,0,0,0,0,0,tel_7,,
గత దశాబ్దంలో భూమి సగటు ఉష్ణోగ్రత సుమారు 1.1 డిగ్రీల సెల్సియస్ పెరిగింది.,te,FALSE,0,0,0,0,0,0,0,0,0,0,0,tel_8,,
ఈరోజు హైదరాబాద్‌లో వర్షం పడే అవకాశం ఉంది.,te,FALSE,0,0,0,0,0,0,0,0,0,0,0,tel_9,,
ప్రపంచంలోని తొలి బుల్లెట్ రైలు 1964లో జపాన్‌లో టోక్యో నుండి ఒసాకా వరకు ప్రారంభమైంది.,te,FALSE,0,0,0,0,0,0,0,0,0,0,0,tel_10,,
ఈ సమాజంలో మహిళల మాటకు విలువ తక్కువ,te,TRUE,1,0,0,0,0,0,0,1,0,1,0,tel_11,,
ఈ నాయకుడు తన స్వార్థం కోసం మాత్రమే పని చేస్తాడు.,te,TRUE,0,1,0,0,0,1,0,0,0,0,0,tel_12,,
కొన్ని చోట్ల నల్లజాతీయుతో ఇంకా చెడుగా ప్రవర్తిస్తున్నారు.,te,TRUE,0,0,0,1,0,0,0,1,0,1,0,tel_13,,
కొన్ని అంతర్జాతీయ సంస్థలు పెద్ద దేశాల నియంత్రణలోనే ఉంటాయి.,te,TRUE,0,0,0,0,1,1,0,0,0,0,0,tel_14,,
దళితులకి ఈ రాష్ట్రంలో ఎప్పుడూ గౌరవం దక్కదు.,te,TRUE,0,0,0,1,0,0,0,1,0,1,0,tel_15,,
పురుషులే బలమైన నాయకులు అవుతారు.,te,TRUE,1,0,0,0,0,0,0,1,1,0,0,tel_16,,
ఈ నగరంలో పోలీసులు నేరస్థులను పట్టుకోవడంలో విఫలమవుతున్నారు.,te,TRUE,0,0,0,0,1,0,0,0,1,0,0,tel_17,,
కొన్ని దేశాలు మత స్వేచ్ఛను పూర్తిగా అణచివేస్తున్నాయి.,te,TRUE,0,0,1,0,0,1,1,0,1,0,0,tel_18,,
మహిళలకు సమాన వేతనం ఇవ్వని సంస్థలు చట్టానికి లోబడాలి.,te,TRUE,1,0,0,0,0,0,0,0,0,1,0,tel_19,,
ఎన్నికల్లో అవినీతి వల్ల ప్రజల ఓటు విలువ తగ్గుతోంది.,te,TRUE,0,1,0,0,0,0,0,0,1,0,0,tel_20,,
"Sayın Vekilimiz; TC ,Büyük bir Devlet ve Sosyal Devlet İlkesi gereği sınırsız nafakayada çözüm bulacaktır.",tr,FALSE,0,0,0,0,0,0,0,0,0,0,0,tr_tweet_25,,
Bir ihtimal Turk Milliyetcileri guclu bir sekilde iktidar ortagi olabilirdi! Devlet Bahceli elinin tersiyle itmeyeydi!,tr,FALSE,0,0,0,0,0,0,0,0,0,0,0,tr_tweet_33,,
Alkol'ün saati mi olurmuş. Yetken yetken başlamak lazım :),tr,FALSE,0,0,0,0,0,0,0,0,0,0,0,tr_tweet_39,,
"Eğer ""bir"" ve ""birlik"" olmak çözüyorsa sorunları.... ülke olarak Neden Hala Yiyoruz ""BİRBİRİMİZİ""...?",tr,FALSE,0,0,0,0,0,0,0,0,0,0,0,tr_tweet_10,,
#BizBizeYeterizTürkiyem diyerek Devlet - Millet elele verdik.,tr,FALSE,0,0,0,0,0,0,0,0,0,0,0,tr_tweet_11,,
Anayasa gizli oyu emrediyor... Bu oy gizli mi??? Bu Anayasa meşru mu??? FETÖ tehdidiyle oy mu kullanılır??? https://t.co/u0yOjtVkMX,tr,FALSE,0,0,0,0,0,0,0,0,0,0,0,tr_tweet_21,,
"Öğretmen geleceğe bir nefestir, Ülkemizin güçlü yarınları eğitimle gülecektir. Biz ek 40 bini sizinle alacağız, Bilge Lider'in yardımıyla ek 40 bin atama gelecektir.",tr,FALSE,0,0,0,0,0,0,0,0,0,0,0,tr_tweet_29,,
"Bu stüdyodakilerin iyi bildiği gibi,benim tarihe ilgim vardır. Beşiktaş’ın bu duruşu bana,İngiliz hükümetinin telkini üzerine,Padişah’ın İstanbul’a çağırdığı Mustafa Kemal’in,Milli Mücadele yolundan dönmeyişini hatırlattı.",tr,FALSE,0,0,0,0,0,0,0,0,0,0,0,tr_tweet_30,,
"öğrenci haklarını savunmak için öğrenci, kadın haklarını savunmak için kadın, eşcinsel haklarını savunmak için eşcinsel, hayvan haklarını savunmak için hayvan olmanıza gerek yok",tr,FALSE,0,0,0,0,0,0,0,0,0,0,0,tr_tweet_48,,
Neyi tartışıyorduk hatırlamak lazım: 5) Reza Zarrab'ın koordinasyonunda toplam 130 milyon TL civarında rüşvet/yolsuzluk...,tr,FALSE,0,0,0,0,0,0,0,0,0,0,0,tr_tweet_155,,
"Bir kanal, Saray'daki gayr-ı meşru iktidar daha iyi soygun yapabilsin diye karartıldı. Hep daha fazla daha fazla soysunlar diye...",tr,TRUE,0,1,0,0,0,1,0,0,0,0,0,tr_tweet_15,,
"Domuz eti yiyince gavur diyorlar aşağlıyorlar. Ama Uygurların hayatlarını pazarlık konusu edip çıkar elde edenlere bir bildiği vardır diyorlar. Domuz eti yiyen, içki içenlerle uğraşmayı bırakın. Yetim hakkı, kul hakkı yiyenlere bir kerecik odaklanın.",tr,TRUE,0,0,1,0,0,0,0,1,0,0,0,tr_tweet_9,,
Senin kanuni yetkini kullanarak yaptığın atamalara Cumhurbaşkanı karışıyor mu! Atama yapmadan önce belediye personeline seçim mi yaptırıyorsun? Polislere saldıran militanlara tepki veremeyen Mansur Yavaş'tan hadsiz açıklama!,tr,TRUE,0,1,0,0,0,0,0,0,0,1,0,tr_tweet_8,,
Bizde erkekler olarak insaniz insan bizde kalmasi yönünde kararimiz olduğu halde verilmeyen cocuklarimizi haciz ederek almanin acisini kimse bilemez bu #nafaka zulmune #cocukicrasi na #tazyikhapsi ne bi son verin artik lutfen sayin @RTErdogan #erkeklerdeinsan #bekliyoruz https://t.co/2fk0d6dyrC,tr,TRUE,1,0,0,0,0,0,0,0,0,1,0,tr_tweet_14,,
Eymir'de kesilen ağaçları belediye kesseydi zihniyeti bozukların hepsi ellerinde molotofla meydanlara çıkardı.,tr,TRUE,0,0,0,0,1,1,0,1,0,0,0,tr_tweet_17,,
"Türkiye, dünyada pandemi sürecinde halkına en az yardım eden ülke ve halkına IBAN gönderen 5 ülkeden birisi olmuş! Yardımların %89'unu patronlara yaparken, sadece %11'ini fakir halka yapmışlar!Birisi bunlar için, ""kimsesizlerin kimsesi, halkın adamı"" falan mı demişti..?",tr,TRUE,0,1,0,0,0,0,0,0,0,1,0,tr_tweet_38,,
Bende hep onu diyorum ama siz İslama dinimize karşı yapılan yanlışa yanlış diyemiyorsunuz reis yaptıysa vardır bir bildiği deyip konu kapatıyorsunuz. Biz dünyanın hakaretkerini işitiyoruz siz sesinizi dahil çıkarmıyorsunuz,tr,TRUE,0,0,1,0,0,0,0,0,0,1,0,tr_tweet_52,,
"Bilmiyorum cevap mı, boş yere mi nefret ediyorsun, ilk defa homofobik bir ateist görüyorum, sen Allah'ın olmadığını anladın ama lgbtqya ayrımcılık yapmanın yanlış olduğunu anlayamadın mı? Sizin yüzünüzden trans insanların 60% kendini öldürmeyi deniyor, peki neden nefret dolusun?",tr,TRUE,1,0,0,0,0,0,0,1,0,1,0,tr_tweet_70,,
"Suriyeli isteyen Suriye'ye, Afgan isteyen Afganistan'a gitsin!",tr,TRUE,0,0,0,1,0,0,0,0,0,1,0,tr_tweet_154,,
اگر آج 1947 ہوتا تو میں دیکھتا کہ کیسے یہ فرقہ پرستی، افراتفری اور انتشار ہوتا۔ مگر درحقیقت لاشعور ہیں #NSlastHope4Pak @username,ur,FALSE,0,0,0,0,0,0,0,0,0,0,0,urdu_twitter_499607465366147074,,
اجلاس میں آزادی مارچ کے حوالے سے مشاورت کی جائے گی،ذرائع,ur,FALSE,0,0,0,0,0,0,0,0,0,0,0,urdu_twitter_1184410477037871104,,
جب تحریک انصاف حکومت بنائے گی تو پولیس اور سول سروس کو غیر سیاسی کیا جائے گا، اُنہیں بیرونی مداخلت سے محفوظ رکھا جائے گا ۔ انصار عباسی #ایکسٹینشن_نامنظور,ur,FALSE,0,0,0,0,0,0,0,0,0,0,0,urdu_twitter_1164062905878437888,,
"۔"" تحفظ ناموس رسالت ﷺ ہر صاحب ایمان کے دل کی آواز ہے  #یوم_تحفظ_ختم_نبوت",ur,FALSE,0,0,0,0,0,0,0,0,0,0,0,urdu_twitter_1567569911760789505,,
کشمیر میں بھارت کی ریاستی دہشت گردی۔۔۔,ur,FALSE,0,0,0,0,0,0,0,0,0,0,0,urdu_twitter_1238493892183502850,,
"""فسطائیت ہے لوگو"" خرم دستگیر پہلوان نے احتجاج کیا ""سرکاری زمین پر غیر قانونی پٹرول پمپ نہیں چلانے دیتے""",ur,FALSE,0,0,0,0,0,0,0,0,0,0,0,urdu_twitter_1155346722748452864,,
جوکچھ آج مجھےمیرےایک دوست نےقبائلی علاقوں کےحالات بتائےہیں وہ توتصویرہی کچھ اورتھی وہ وہاں سے ہوکرآیاہے،مہمان نوازی مذہبی رواداری توعام ہے,ur,FALSE,0,0,0,0,0,0,0,0,0,0,0,urdu_twitter_441224649536319488,,
آزادی مارچ تو ہو گا ہم بھرپور شرکت کریں گے #آزادی_مارچ_تو_ہو_گا,ur,FALSE,0,0,0,0,0,0,0,0,0,0,0,urdu_twitter_1585347062429687808,,
تحفظ ناموس رسالت ﷺ ملین مارچ لاہور #NamoseRisalatMilionMarch @username,ur,FALSE,0,0,0,0,0,0,0,0,0,0,0,urdu_twitter_1063057308526227457,,
آخر پختون ہی اس ظلم کا نشانہ کیوں? #ANPRejectsAntiAfghanPolicy,ur,FALSE,0,0,0,0,0,0,0,0,0,0,0,urdu_twitter_1392158426805964800,,
#زنجیروں_میں_جکڑا_میڈیا جب تک ہے دم لڑے گے ہم اس بکاؤ میڈیا کے خلاف نواز شریف کے ساتھ,ur,TRUE,0,1,0,0,1,1,1,1,1,0,0,urdu_twitter_992287731492438022,,
ملک کی تین بڑی سیاسی جماعتیں جلد ہی میثاق جمہوریت پہ دستخط کریں گی پنڈی سے قہقوں کی آوازیں آئیں گی,ur,TRUE,0,1,0,0,0,1,1,0,1,0,0,urdu_twitter_890162657629786112,,
-JaximH پٹواری پڑھے لکھے بھی ہوتے ہیں میں تو سمجھا تھا خالی ذہنی غلام ہوتے ہیں,ur,TRUE,0,1,0,0,0,0,1,1,1,0,0,urdu_twitter_613771198338629632,,
پٹھان،سندھی،بلوچی،مہاجروغیرہ،یہ فرقہ پرستی اور یہ گندے نعرے اسی فضامیں لگتے ہیں،جہاں سے نبیﷺ کی زندگی نکل جاتی ہیں!!!!,ur,TRUE,0,1,1,1,0,1,1,1,0,1,1,urdu_twitter_914323123755012097,,
علیحدگی پسندوں بلوچوں نے آج کے میچ کی جھلکیاں برائے پنجاب مخالف پروپیگنڈہ محفوظ کر لی ہیں۔,ur,TRUE,0,0,0,1,0,1,0,1,0,0,0,urdu_twitter_696747907110801409,,
نہ صرف فتنہ خان بلکہ گوگی پنکی اور ابراہیم کو بھی غیر قانونی کیش کا بہت شوق ہے #فتنے_کو_کیش_پسند_ہے,ur,TRUE,1,1,0,0,0,0,0,1,0,1,1,urdu_twitter_1592831361685295105,,
عنقریب پاکستان کی سیاست سے انتہائی غلیظ ترین بدبودار گھناؤنا فاشسٹ کردار ختم ہونے کو ہے,ur,TRUE,0,1,0,0,0,1,1,0,0,0,1,urdu_twitter_1560610554783207425,,
چند نوٹوں پہ بکنے والا نمک حرام صحافی  #گٹرصحافت @username,ur,TRUE,0,1,0,0,1,1,1,0,1,0,0,urdu_twitter_1055532098013011968,,
سندھ کے دوست باش و پرخلوص باسیوں کو زرداری جیسی گالی و بلاول جیسے مخنث لوطی لونڈے کے رحم و کرم پر چھوڑنا اسٹیبلشمنٹ کی سب سے بڑی زیادتی ہے,ur,TRUE,1,1,0,0,0,1,1,1,0,0,1,urdu_twitter_1594316929631666178,,
کنڑ،کٹھ پتلی فوجوں پرحملے،دو ہلاک،5 زخمی @username,ur,TRUE,0,1,0,0,0,0,0,1,1,0,1,urdu_twitter_542695474885435392,,
普信男是什么意思啊,zh,FALSE,0,0,0,0,0,0,0,0,0,0,0,chinese_412,,
妇女权益保障法（修订草案）征求意见正在进行中，大家有意见赶紧去提！,zh,FALSE,0,0,0,0,0,0,0,0,0,0,0,chinese_16,,
作为女性，赞同支持你，判断女性有没有地位，要看她们有没有合理的，合法的工作意识和工作机会。中国当然还存在重男轻女的地区和底层文化，但是主流观念和意识形态是支持女性解放的。,zh,FALSE,0,0,0,0,0,0,0,0,0,0,0,chinese_1552,,
同性恋所占人口比例甚至不需要查找专业的文献，百度什么的随便搜搜就有。,zh,FALSE,0,0,0,0,0,0,0,0,0,0,0,chinese_35,,
尽管人类在攻克艾滋病的道路上已经取得了不少成就，艾滋病已经不像十年前那样听起来可怕。,zh,FALSE,0,0,0,0,0,0,0,0,0,0,0,chinese_1995,,
但是在启蒙阶段，最起码让他们知道什么是同性恋，什么是异性恋，什么是范性恋，什么是双性恋什么是性单恋让他们知道有这一类人的存在，并让他们学会尊重，这也不是作为中华民族的美德吗？,zh,FALSE,0,0,0,0,0,0,0,0,0,0,0,chinese_512,,
左下亚裔比较帅，还有刚来找座位的蓝T小哥哥,zh,FALSE,0,0,0,0,0,0,0,0,0,0,0,chinese_1497,,
印度人的话得分宗教，穆斯林的话就去清真饭店，印度教徒就去寺庙的素菜馆，都可以尝到很地道的中国菜而不违反戒律。,zh,FALSE,0,0,0,0,0,0,0,0,0,0,0,chinese_1575,,
"日本人也不全是坏人，中国人也不全是好人∠(,ᐛ,」∠)＿",zh,FALSE,0,0,0,0,0,0,0,0,0,0,0,chinese_1773,,
小美人鱼是我童年最喜欢的故事。我觉得选角没问题，一看就是很勇敢的女孩子。安徒生写小美人鱼的初衷也是歌颂那种生命永恒还有美和善。小美人鱼很勇敢啊。如果迪斯尼开始的漫画就是黑人公主恐怕大家现在就不会酱紫觉得美人鱼非要白皮肤红头发蓝眼睛了。,zh,FALSE,0,0,0,0,0,0,0,0,0,0,0,chinese_5994,,
我觉得中国女性媚外值得批评的是中国男性，你们看一看出轨的女人的老公一看就很软弱，而以前在社会上混的男人的老婆我没发现谁敢出轨，中国男人如果能和黑人或穆斯林男性一样暴力，那中国就没有媚外的说法。,zh,TRUE,1,0,0,1,0,1,1,1,0,0,0,chinese_1,,
楼主啊！我记得这是某位普信女写的关于男性的条件吧，改的好，还有，您的帖子里面有条目🐶，赶紧置顶羞辱,zh,TRUE,1,0,0,0,0,1,1,0,0,0,1,chinese_5,,
我不恐同，就是单纯的厌恶，觉得恶心，不为别的，就为txl群体传播x病，还要骗人形婚，毁人一生。运气差一点的，只是被骗婚。运气再差一点，被骗着生个孩子，把孩子也毁了。运气差到爆的，被人骗婚，还被传染上x病，这就是txl群体干的好事。,zh,TRUE,1,0,0,0,0,1,0,1,0,0,0,chinese_53,,
综上所述，以后想起来会补充，同性恋就纯纯懦夫,zh,TRUE,1,0,0,0,0,1,0,1,0,0,0,chinese_117,,
真白左当然支持，但问题是西方所谓的白左都是虚伪的白左，英文叫liberals，和中国女权一样，表面上平权，实际上是挂平权狗头卖特权狗头，真女权真白左没多少人反对的，可惜大多数都是虚伪的傻逼。,zh,TRUE,1,1,0,0,0,1,1,1,0,0,0,chinese_1761,,
有些穆斯林特恶心吃猪肉的，不爱带面纱的女人也滚......他们的三观出问题了吗？,zh,TRUE,0,0,1,0,0,1,0,0,0,1,0,chinese_220,,
混血，眼睛是蓝色，混了白皮猪的血,zh,TRUE,0,0,0,1,0,1,0,0,0,0,1,chinese_20,,
对待黑蛆直接清空弹夹完事,zh,TRUE,0,0,0,1,0,1,1,0,0,0,1,chinese_128,,
我在非洲呆过很久，相信我，黑人不值得同情，他们就是劣等民族，没有羞耻心没有上进心，天生就该被奴役的种族。,zh,TRUE,0,0,0,1,0,1,0,1,1,1,1,chinese_4795,,
又不给做绝育又圣母只能让流浪猫越来越多都成生态杀手了,zh,TRUE,0,0,0,0,1,1,0,1,0,0,0,chinese_503,,